"Text","Date","Book Name","User Name"
"Отличная книга, советую прочитать","11-02-2017 18:22:34","GameMonster","История "
"Ваще душевно братка","12-02-2017 23:55:38","MODERATOR","История "
"класс","12-02-2017 23:55:38","GameMonster","..........."
"уйцу","23-04-2017 21:45:45","GameMonster","История "
"ууйцуйцу","23-04-2017 22:11:55","GameMonster","История "
"eqwe","09-05-2017 09:52:32","Sasha","..........."
"dsad","09-05-2017 09:52:33","Sasha","..........."
"eqweq","09-05-2017 10:55:58","Sasha","..........."
"dda","09-05-2017 12:35:08","Sasha","dsdqseqwe"
"e213","09-05-2017 12:35:10","Sasha","dsdqseqwe"
"dsad","09-05-2017 12:35:11","Sasha","dsdqseqwe"
"dasd","09-05-2017 12:45:27","Sasha","..........."
"Круто","09-05-2017 12:45:29","Sasha","..........."
"dqw","09-05-2017 15:35:47","Sasha","dsdqseqwe"
"cxz","09-05-2017 15:35:48","Sasha","dsdqseqwe"
"eqweq","09-05-2017 15:36:44","ew","dsdqseqwe"
"312","22-05-2017 16:49:02","qwe","История "
"eqwe","22-05-2017 16:49:06","qwe","История "
"123","22-05-2017 16:49:08","qwe","История "
"hi","22-05-2017 16:49:14","qwe","dsdqseqwe"
"ewqe","23-05-2017 20:29:45","33","История "
"3213","23-05-2017 20:30:00","GameMonster","dsdqseqwe"
"eqweqwe","23-05-2017 20:30:02","GameMonster","История "
"eqwe","23-05-2017 20:30:07","qwe","dsdqseqwe"
"e","23-05-2017 20:38:20","qwe","История "
"321","24-05-2017 10:31:58","qwe","История "
